# code	name_en	name_finglish
AT	Austria	Otrich
BE	Belgium	Beljik
BG	Bulgaria	Bolgharestan
CA	Canada	Kanada
CH	Switzerland	Suis
CZ	Czechia	Chek
DE	Germany	Alman
DK	Denmark	Danmark
EE	Estonia	Estoni
ES	Spain	Espania
FI	Finland	Finland
FR	France	Faranse
GB	United Kingdom	Engelis
HU	Hungary	Majaristan
IE	Ireland	Irland
IN	India	Hend
IT	Italy	Italya
JP	Japan	Japon
LV	Latvia	Latvi
NL	Netherlands	Holand
NO	Norway	Norvej
PL	Poland	Lahestan
RO	Romania	Romani
RS	Serbia	Serbi
SE	Sweden	Suwed
SG	Singapore	Singapur
SK	Slovakia	Eslovaki
US	United States	Amrika
